Mohammed Harper,Health physicist,1950-12-16,Repellat ratione unde.
Amber Talbot,"Designer, interior/spatial",1976-12-06,Minima minus commodi.
Mr. Abdul Watkins,Environmental manager,1983-12-23,Quis iusto commodi maiores porro.
Gerald Smith,Broadcast engineer,1982-10-09,Velit possimus natus.
Angela Barker,Community pharmacist,1978-06-06,Autem libero aut.
Charlotte Stewart,Claims inspector/assessor,1970-03-18,Corporis consectetur accusamus labore.
William Richards-Bull,Housing manager/officer,1990-04-29,Ut quaerat quis optio.
Michael Finch-Hayes,Newspaper journalist,1962-08-31,Dolore earum aliquid iste quaerat amet.
Robert Barlow,Armed forces technical officer,1962-08-17,Officia nesciunt mollitia nulla.
Gary Young,Product/process development scientist,1955-10-17,Harum vel beatae rem.
Ms. Clare Gibson,Set designer,1972-06-25,Incidunt officia ad vel eligendi nam.
Maria Walton,Dancer,1978-05-30,Sint corrupti at officia.
Dr. Jay Bailey,Textile designer,1953-03-18,A eveniet officiis ab ullam.
Lynne Armstrong,Barrister,1986-04-12,Voluptas corporis vero veritatis.
Mr. Kieran Bailey,"Surveyor, building",1949-06-23,Voluptate consequuntur molestiae.
Timothy Ford,Environmental manager,1956-12-27,Hic dolorem ipsum ea ipsum.
Christian Lee,Video editor,1950-01-02,Cumque quasi quo soluta ut.
Nigel Hughes,Recruitment consultant,1951-03-30,Autem magni amet optio.
Hollie Edwards,Camera operator,1990-06-28,Adipisci distinctio perspiciatis alias.
Melissa Smith,"Teacher, adult education",1954-07-23,A quas cum sint reiciendis quia ipsa.
Bethany Potter,Insurance account manager,1993-03-23,Ut laudantium quas ipsa.
Jake Williams,Cytogeneticist,1954-06-21,Excepturi non neque excepturi.
Mary Doherty,Television/film/video producer,1970-12-27,Dolores voluptas velit.
Anthony Green,Television production assistant,1976-01-17,Tempora atque voluptas magnam quis at.
Justin Williams,"Editor, commissioning",1983-11-15,Ducimus quibusdam a cum.
Michelle Gray-Whittaker,"Psychologist, sport and exercise",1982-12-05,Possimus deleniti deserunt.
Bethany Harvey,"Engineer, maintenance",1983-05-25,Iusto cupiditate labore.
Mrs. Carol Bradley,"Engineer, maintenance (IT)",1970-11-16,Architecto animi ipsam molestiae sunt.
Patricia Hodgson,Local government officer,1981-05-26,Inventore est non aut.
Ms. Maria Doherty,Pension scheme manager,1993-05-20,Incidunt omnis laudantium sequi.
Ms. Lesley Hill,"Engineer, technical sales",1959-02-04,Perferendis quam amet pariatur ullam.
Gillian Miller,Estate manager/land agent,1957-07-04,Illum ipsum eveniet dolore.
Eileen Edwards,Diagnostic radiographer,1986-03-25,Consequuntur sunt laudantium.
Charlotte Johnson,Medical physicist,1973-05-10,Recusandae excepturi vero quae.
Paul Griffin-Roberts,Advertising account executive,1978-12-12,At repudiandae non ut.
Russell Brown,Community arts worker,1966-11-30,Praesentium vero temporibus.
Denis Porter,Community education officer,1949-08-19,Numquam occaecati nihil deserunt.
Deborah Harper-Graham,Legal secretary,1991-04-18,Enim optio ab nesciunt nobis.
Paige Lee,Purchasing manager,1969-06-24,Quam ut ex doloribus aperiam a.
Charlene Hall,Training and development officer,1976-04-04,Maiores porro quibusdam esse sapiente.
Roger Wallace-Khan,Theatre stage manager,1976-04-25,Tempora neque ex.
Diana Gray,Writer,1970-04-14,Molestias ullam mollitia tempora.
Stephen Carter-Chapman,Electronics engineer,1970-05-11,Assumenda soluta excepturi distinctio.
Miss Tina Lee,Financial manager,1970-10-03,Nihil totam aut exercitationem autem.
Kelly Sullivan,Careers information officer,1985-10-29,Id impedit porro earum.
Mr. Maurice Hunter,Plant breeder/geneticist,1973-05-26,Eos facere aperiam hic.
Zoe Begum,Personal assistant,1989-11-28,Asperiores alias officia maxime.
Stuart Clark,Communications engineer,1968-01-11,Quibusdam illum quis ex fugit.
Glenn Burns,Armed forces logistics/support/administrative officer,1973-01-02,Magnam voluptatum dicta deleniti.
Cheryl Ali-Thompson,Cabin crew,1980-11-13,Reprehenderit odio quos ad tempora.
Dr. Liam Murray,"Scientist, audiological",1960-04-22,Ad maiores commodi odio accusantium.
Sam Parsons,"Therapist, horticultural",1962-12-23,Quaerat occaecati asperiores.
Dr. Abdul Kaur,Intelligence analyst,1970-06-13,Possimus nesciunt dolores minus soluta.
Mandy Rowe,Ophthalmologist,1962-01-28,Illo in nam quidem nemo nemo eum.
Kathryn Adams,"Buyer, retail",1987-12-19,Nisi natus animi dolores expedita.
Cheryl Storey,"Education officer, community",1950-10-16,Dolore ipsam corrupti.
Dr. Philip Watkins,Catering manager,1982-10-01,Praesentium eum quidem vero vero amet.
Sheila Holland,Production engineer,1987-03-22,Quia unde maiores mollitia odio.
Kim Francis,"Investment banker, corporate",1957-08-15,Corporis ex iusto mollitia.
Karen Knight,Health promotion specialist,1961-11-06,At laboriosam odio quidem cumque atque.
Mrs. Helen Hill,Animator,1973-02-19,Quia nulla dolore quidem.
Anthony Tyler,Armed forces operational officer,1983-08-25,Ullam perspiciatis autem saepe earum.
Elizabeth Davies,Sports administrator,1979-06-03,Consequatur amet quia pariatur.
Marc Taylor,Accounting technician,1975-05-10,Maxime nobis ipsum temporibus.
Mrs. Carolyn Flynn,"Programme researcher, broadcasting/film/video",1965-02-17,Sint porro quod adipisci.
Leslie Lloyd,Telecommunications researcher,1968-02-23,Repellat magni vel.
Max Allen-Taylor,Sales executive,1974-03-17,Adipisci a hic maxime tenetur.
Hugh Shah-Thomson,"Chemist, analytical",1965-10-26,Officiis dolorum deserunt.
Sarah Jones,Geophysical data processor,1951-10-15,Sed quas aspernatur similique quidem.
Mr. Marcus Thompson,Social researcher,1964-02-11,Culpa ut eveniet placeat quisquam.
Miss Katherine Wilson,Medical secretary,1987-01-01,Quae nisi veritatis aliquid a.
Dr. Douglas Harrison,Clinical research associate,1964-07-27,Ipsam eos adipisci dolorum.
Frederick Freeman,"Programmer, applications",1989-02-14,Ullam ipsam soluta deserunt rem vitae.
Phillip Stephens-Robinson,Chief Strategy Officer,1977-05-19,Ut cumque vitae labore.
Gavin Patel-Dawson,"Engineer, mining",1970-05-21,Nam a harum voluptates minima rerum.
Gemma Swift,"Scientist, research (medical)",1963-08-15,Fugit odio doloribus quasi omnis.
Jason Knight-Savage,Copy,1989-01-03,Cumque non doloribus quaerat.
Dr. Billy Spencer,Lobbyist,1975-03-14,Vel alias laboriosam quis omnis.
Leah Cook,Rural practice surveyor,1955-01-04,A atque non quos quasi.
Rosie Jones,Airline pilot,1949-12-01,Cumque neque velit.
Dr. Dawn Williamson,Video editor,1981-08-05,Deleniti quia optio in.
Elliot Davies,"Surveyor, minerals",1988-01-29,Sed porro ea fuga voluptatem officiis.
Mr. Kyle Daly,Accounting technician,1976-01-06,Quae dolorem soluta eius provident.
Lewis Cameron,"Psychologist, prison and probation services",1961-08-25,Doloribus ut voluptas.
Maria Turner-Bailey,Sales executive,1955-09-30,Optio animi fugit.
Michelle Arnold,Trading standards officer,1957-07-10,Error voluptates doloribus sint.
Wendy Connor,Chartered loss adjuster,1949-02-09,Nemo explicabo quaerat nihil eius vel.
Jordan Harvey,"Pharmacist, community",1975-11-20,Voluptas eveniet veniam.
Phillip Edwards,Mining engineer,1981-02-03,Nostrum delectus minus placeat.
Dr. Edward Finch,"Programmer, multimedia",1954-04-19,Libero at neque quia corporis.
Alex Jones,Records manager,1973-01-09,Culpa expedita adipisci cum.
Mrs. Charlene Gray,Musician,1991-04-13,Enim ratione omnis nobis nobis.
Katie Hughes,Paediatric nurse,1949-09-18,Fuga doloremque fugit.
Brett Sharpe,Biomedical scientist,1963-05-03,Ullam cumque ducimus libero eaque.
Ms. Sophie Kaur,Mechanical engineer,1950-10-03,Repellat eius dolore ad aut modi.
Angela Hyde,Training and development officer,1972-09-16,Officiis est culpa voluptate dicta.
Danielle Morgan,Cartographer,1953-02-14,Rerum ea magni vel doloribus eaque eum.
Miss Anne Matthews,"Psychologist, forensic",1957-07-27,Eos vel incidunt.
Ms. Kirsty Brown,"Surveyor, building",1981-11-28,Saepe sint explicabo voluptatem.
Albert Sullivan,Health physicist,1962-03-04,Impedit aut fuga iure dolor.
